D:\TestPro\UWSTesting\Scripts\SimpleTests\Tests\,FillForm,,,,,,,,,
TafRobotIntegration.FillForm=Action description automatically created by robot suite registration process.,,,,,,,,,,
Action,DICT_PERSON.lastname,DICT_PERSON.job,DICT_PERSON.educ,DICT_PERSON.expi,DICT_PERSON.firstname,DICT_PERSON.date,DICT_PERSON.gender,Common Keyword,Risk,age
FillForm,World,Hacker,grad school,10,Hello,12/29/2016,female,,,78
FillForm,Grande,Popstar,college,5,Ariana,06/26/1993,female,,,90
FillForm,Potter,Student,high school,1,Harry,07/31/1980,male,,,68
FillForm,BernersLee,Web Creator,grad school,30,Tim,6/05/1955,male,,,
FillForm,Watson,Actress,grad school,3,Emma,04/15/1990,female,,,
