<?xml version="1.0" encoding="UTF-8"?>
<!-- Test Framework logging configuration -->
<!DOCTYPE log4j:configuration SYSTEM "log4j.dtd">

<log4j:configuration xmlns:log4j="http://jakarta.apache.org/log4j/">

    <appender name="DailyAppender" class="org.apache.log4j.DailyRollingFileAppender">
		<param name="File" value="C:/Users/testpro/selenium_workspace/Selenium_Demo/logs/TafPro_standalone.log" />
		<param name="DatePattern" value="'.'yyyy-MM-dd" />
        <param name="Threshold" value="INFO" />
		<layout class="org.apache.log4j.PatternLayout">
			<param name="ConversionPattern" value="%d{dd MMM yyyy HH:mm:ss} %5p - %m%n" />
		</layout>
	</appender>

	<appender name="AsyncAppender" class="org.apache.log4j.AsyncAppender">
		<appender-ref ref="DailyAppender" />
	</appender>

	<!-- RULES for logging DEBUG < INFO < WARN < ERROR < FATAL. -->
	<category name="au.com.testpro.framework" additivity="false">
		<priority value="FATAL" />
		<appender-ref ref="DailyAppender" />
	</category>

	<root>
		<priority value="info"></priority>
		<appender-ref ref="AsyncAppender" />
	</root>

</log4j:configuration>