TestSuite1,,,,,,,,,,
PS Fill Form,,,,,,,,,,EOL
TC Fill Form Complete,,,,,,,,,,EOL
FillForm,,,,,,,,,,EOL
FillForm_Default,lastname,job,education,experience,firstname,date,gender,Common Keyword,Risk,EOL
,World,Hacker,grad school,10,Hello,12/29/2016,female,,,EOL
,Grande,Popstar,college,5,Ariana,06/26/1993,female,,,EOL
,Potter,Student,high school,1,Harry,07/31/1980,male,,,EOL
,BernersLee,Web Creator,grad school,30,Tim,6/05/1955,male,,,EOL
,Watson,Actress,grad school,3,Emma,04/15/1990,female,,,EOL
