<?xml version="1.0" encoding="UTF-8" standalone="yes"?>
<projectConfiguration>
    <configVersion>2</configVersion>
    <robotExecEnvironment path="C:/Program Files (x86)/Python37-32" interpreter="Python"/>
    <relativeTo>WORKSPACE</relativeTo>
    <referencedLibrary type="PYTHON" name="SeleniumLibrary" path="C:/Program Files (x86)/Python37-32/Lib/site-packages/SeleniumLibrary/__init__.py"/>
    <pythonpath/>
    <classpath/>
    <excludedForValidation/>
    <isValidatedFileSizeCheckingEnabled>true</isValidatedFileSizeCheckingEnabled>
    <validatedFileMaxSize>1024</validatedFileMaxSize>
</projectConfiguration>
